codice;nome;controllo;dettaglio
MABMARM;Agricola Buongiorno - Confettura Extra di Peperone di Senise IGP 140g;C1;origine vegetale ma ingredienti: formaggi
MAB009;Agricola Buongiorno - Peperone Crusco Ricoperto di Cioccolato Fondente;C1;origine vegetale ma ingredienti: burro
BB2364;Biobontà - Ketchup Classico Vegan;C1;origine vegetale ma ingredienti: lattosio
BB2314;Biobontà - Maionese di Riso Vegan;C1;origine vegetale ma ingredienti: pollo
BB2315;Biobontà - Salsa Aioli;C1;origine vegetale ma ingredienti: tuorlo
BB2316;Biobontà - Salsa Indiana;C1;origine vegetale ma ingredienti: lattosio
BB2318;Biobontà - Salsa Pepe Verde;C1;origine vegetale ma ingredienti: tuorlo
BB2317;Biobontà - Salsa Tartara;C1;origine vegetale ma ingredienti: lattosio
OL.TBN100;Condimento al tartufo bianco a base di olio extra vergine di oliva;C1;origine vegetale ma ingredienti: carne
CA19D;Crema al Pistacchio Verde di Bronte DOP 190g;C1;origine vegetale ma ingredienti: latte
CA9D;Crema al Pistacchio Verde di Bronte DOP 90g;C1;origine vegetale ma ingredienti: latte
TA.500N15;Crema con tartufo estivo (15%);C1;origine vegetale ma ingredienti: seppia
DITRIA104;FRITTELLINE DI CAVOLFIORI;C1;origine vegetale ma ingredienti: uova
DITRIA108;FRITTELLINE ZUCCHINA E MENTA;C1;origine vegetale ma ingredienti: uova
PC3940;Grangusto - Crema di Zucca gialla 280g;C1;origine vegetale ma ingredienti: miele
AR250BASILICO;Guglielmi - Aromatizzato Basilico 250ml;C1;origine vegetale ma ingredienti: formaggi
AR250LIMONE;Guglielmi - Aromatizzato Limone 250ml;C1;origine vegetale ma ingredienti: pesce
MCO1L;Guglielmi - Monocultivar Coratina 1 LT;C1;origine vegetale ma ingredienti: formaggi
MCO100;Guglielmi - Monocultivar Coratina 100ML;C1;origine vegetale ma ingredienti: formaggi
MCO500;Guglielmi - Monocultivar Coratina 500ML;C1;origine vegetale ma ingredienti: formaggi
MOG100;Guglielmi - Monocultivar Ogliarola 100ml;C1;origine vegetale ma ingredienti: carne
MOG1L;Guglielmi - Monocultivar Ogliarola 1LT;C1;origine vegetale ma ingredienti: carne
MOG500;Guglielmi - Monocultivar Ogliarola 500ml;C1;origine vegetale ma ingredienti: carne
ARS250;Guglielmi - Olio Arso 250ml;C1;origine vegetale ma ingredienti: carne
ARBA100S;Guglielmi - Spray EVO Ar. Basilico 100ml;C1;origine vegetale ma ingredienti: formaggi
ARLI100S;Guglielmi - Spray EVO Ar. Limone 100ml;C1;origine vegetale ma ingredienti: pesce
RAFI063;I De Giorgi - Spalmabili - Patè di Pomodori Secchi 125g;C1;origine vegetale ma ingredienti: formaggi
COPPEPE1062;Il Mongetto - Composta di Peperoni Piccante 1,2kg;C1;origine vegetale ma ingredienti: miele
COPPEPE0040;Il Mongetto - Composta di Peperoni Piccante 40g;C1;origine vegetale ma ingredienti: miele
AN50402;Olio Anfosso - Pesto Rosso 950g;C1;origine vegetale ma ingredienti: formaggio
DITRIA601;PARMIGIANINA DI MELANZANE E BASILICO;C1;origine vegetale ma ingredienti: formaggio
DITRIA602;PARMIGIANINA DI ZUCCHINE E MENTA;C1;origine vegetale ma ingredienti: formaggio
GENTI2614;PATE' DI CARCIOFINI VIOLETTI 220GR;C1;origine vegetale ma ingredienti: latte
GENTI2613;PATE' DI POMODORO SAN MARZANO 220GR;C1;origine vegetale ma ingredienti: latte
V-129;Pesto Rossi - Pesto Genovese lunga Conservazione;C1;origine vegetale ma ingredienti: pesce
V-129-SA;Pesto Rossi - Pesto Genovese senza Aglio Lunga Conservazione;C1;origine vegetale ma ingredienti: pesce
GENTI2682;SUGO CON POMODORINI GIALLI, OLIVE NERE E CAPPERI 320GR;C1;origine vegetale ma ingredienti: alici
CONF.FICTART40;Specialità a base di fichi al tartufo;C1;origine vegetale ma ingredienti: miele
LU609;Fratelli Lunardi - Crocchetti Integrali 80g;C3;flag vegano SI ma ingredienti: formaggi
LU610;Fratelli Lunardi - Crocchetti Rosmarino 80g;C3;flag vegano SI ma ingredienti: formaggi
MAB009;Agricola Buongiorno - Peperone Crusco Ricoperto di Cioccolato Fondente;C8;tracce_di vuoto ma la scheda dice: può contenere tracce di latte e frutta a guscio
006.00.2-04035;Agricola Lodigiana - Farina di mais Bramata 500gr;C8;'glutine' tra gli allergeni ma nella scheda e' solo una traccia
004.00.1-05110;Agricola Lodigiana - Gallette Bio di Mais 130gr;C8;'glutine' tra gli allergeni ma nella scheda e' solo una traccia
004.00.1-05110;Agricola Lodigiana - Gallette Bio di Mais 130gr;C8;'soia' tra gli allergeni ma nella scheda e' solo una traccia
004.00.1-05110;Agricola Lodigiana - Gallette Bio di Mais 130gr;C8;'sesamo' tra gli allergeni ma nella scheda e' solo una traccia
015.00.1-00618;Agricola Lodigiana - Gallette di Riso con Sale 100gr;C8;'glutine' tra gli allergeni ma nella scheda e' solo una traccia
015.00.1-00618;Agricola Lodigiana - Gallette di Riso con Sale 100gr;C8;'soia' tra gli allergeni ma nella scheda e' solo una traccia
015.00.1-00618;Agricola Lodigiana - Gallette di Riso con Sale 100gr;C8;'sesamo' tra gli allergeni ma nella scheda e' solo una traccia
APER.ANACARDI70;Anacardi tostati e salati al tartufo estivo;C8;'arachidi' tra gli allergeni ma nella scheda e' solo una traccia
CM15;BBS - MORTADELLA CLASSICA 15KG A META';C8;tracce_di vuoto ma la scheda dice: può contenere tracce)
TM15;BBS - MORTADELLA CON TARTUFO META';C8;tracce_di vuoto ma la scheda dice: può contenere tracce)
BB2342;Biobontà - Bag In Box Ketchup;C8;'uova' tra gli allergeni ma nella scheda e' solo una traccia
BB2342;Biobontà - Bag In Box Ketchup;C8;'soia' tra gli allergeni ma nella scheda e' solo una traccia
BB2342;Biobontà - Bag In Box Ketchup;C8;'senape' tra gli allergeni ma nella scheda e' solo una traccia
BB2341;Biobontà - Bag In Box Maionese;C8;tracce_di vuoto ma la scheda dice: può contenere tracce di soia
BB2343;Biobontà - Bag In Box Senape;C8;tracce_di vuoto ma la scheda dice: può contenere tracce di uova e soia
BB2302;Biobontà - Bustine Ketchup Classico;C8;'uova' tra gli allergeni ma nella scheda e' solo una traccia
BB2302;Biobontà - Bustine Ketchup Classico;C8;'soia' tra gli allergeni ma nella scheda e' solo una traccia
BB2302;Biobontà - Bustine Ketchup Classico;C8;'senape' tra gli allergeni ma nella scheda e' solo una traccia
BB2301;Biobontà - Bustine Maionese;C8;tracce_di vuoto ma la scheda dice: può contenere tracce di soia
BB2364;Biobontà - Ketchup Classico Vegan;C8;'uova' tra gli allergeni ma nella scheda e' solo una traccia
BB2364;Biobontà - Ketchup Classico Vegan;C8;'soia' tra gli allergeni ma nella scheda e' solo una traccia
BB2364;Biobontà - Ketchup Classico Vegan;C8;'senape' tra gli allergeni ma nella scheda e' solo una traccia
BB2366;Biobontà - Ketchup Piccante Vegan;C8;'uova' tra gli allergeni ma nella scheda e' solo una traccia
BB2366;Biobontà - Ketchup Piccante Vegan;C8;'soia' tra gli allergeni ma nella scheda e' solo una traccia
BB2366;Biobontà - Ketchup Piccante Vegan;C8;'senape' tra gli allergeni ma nella scheda e' solo una traccia
BB2311;Biobontà - Maionese Classica;C8;tracce_di vuoto ma la scheda dice: può contenere tracce di soia
BB2312;Biobontà - Maionese Italiana;C8;tracce_di vuoto ma la scheda dice: può contenere tracce di soia, frutta a guscio e pesce
BB2316;Biobontà - Salsa Indiana;C8;tracce_di vuoto ma la scheda dice: può contenere senape e soia
BB2317;Biobontà - Salsa Tartara;C8;tracce_di vuoto ma la scheda dice: può contenere senape e soia
BB2320;Biobontà - Senape Media Vegan;C8;tracce_di vuoto ma la scheda dice: può contenere tracce di uova e soia
CP60NSV;CAPOCOLLO DI MARTINA FRANCA AFFUMICATO;C8;'glutine' tra gli allergeni ma nella scheda e' solo una traccia
CP60NSV;CAPOCOLLO DI MARTINA FRANCA AFFUMICATO;C8;tracce_di vuoto ma la scheda dice: può contenere: glutine
PVAZ02014;CREMOSO ARACH. E CIOC. DI BUF.;C8;tracce_di vuoto ma la scheda dice: può contenere: uova, soia, anidride solforosa, frutta a guscio
PVAZ02008;CREMOSO CACAO E NOC. DI BUFALA;C8;tracce_di vuoto ma la scheda dice: può contenere: uova, soia, anidride solforosa, arachidi, altra frutta a guscio
PVAZ02005;CREMOSO CACAO SENZA ZUCCH DI BUFALA;C8;tracce_di vuoto ma la scheda dice: può contenere: uova, soia, anidride solforosa, altra frutta a guscio
PVAZ02012;CREMOSO CAFFE E NOCC. S/Z DI BUFALA;C8;tracce_di vuoto ma la scheda dice: può contenere: uova, soia, anidride solforosa, arachidi, altra frutta a guscio
PVAZ02010;CREMOSO CAPPUCCINO DI BUFALA;C8;tracce_di vuoto ma la scheda dice: può contenere: uova, soia, anidride solforosa, arachidi, frutta a guscio
PVAZ02019;CREMOSO CAPRESE DI BUFALA;C8;tracce_di vuoto ma la scheda dice: può contenere: uova, soia, anidride solforosa, arachidi, altra frutta a guscio
PVAZ02004;CREMOSO CARAMELLO DI BUFALA;C8;tracce_di vuoto ma la scheda dice: può contenere: uova, soia, anidride solforosa, arachidi, frutta a guscio
PVAZ02007;CREMOSO COCCO DI BUFALA;C8;tracce_di vuoto ma la scheda dice: può contenere: uova, soia, anidride solforosa, arachidi, frutta a guscio
PVAZ02015;CREMOSO CREMA DELLA NONNA DI BUFALA;C8;tracce_di vuoto ma la scheda dice: può contenere: soia, anidride solforosa, arachidi, frutta a guscio
PVAZ02018;CREMOSO PASTIERA DI BUFALA;C8;tracce_di vuoto ma la scheda dice: può contenere: uova, soia, anidride solforosa, arachidi, frutta a guscio
PVAZ02006;CREMOSO PISTACCHIO DI BUFALA;C8;tracce_di vuoto ma la scheda dice: può contenere: uova, soia, anidride solforosa, arachidi, altra frutta a guscio
PVAZ02017;CREMOSO TIRAMISU DI BUFALA;C8;tracce_di vuoto ma la scheda dice: può contenere: soia, arachidi, frutta a guscio
PVAZ02009;CREMOSO VANIGLIA DI BUFALA;C8;tracce_di vuoto ma la scheda dice: può contenere: uova, anidride solforosa, arachidi, frutta a guscio
CA19D;Crema al Pistacchio Verde di Bronte DOP 190g;C8;tracce_di vuoto ma la scheda dice: può contenere tracce di altra frutta a guscio
CA9D;Crema al Pistacchio Verde di Bronte DOP 90g;C8;tracce_di vuoto ma la scheda dice: può contenere tracce di altra frutta a guscio
SETTEEFFE2.0-10;FARINA SETTE EFFE 2.0 MULTIC/SEMI- 10 KG;C8;'soia' tra gli allergeni ma nella scheda e' solo una traccia
SETTEEFFE2.0-10;FARINA SETTE EFFE 2.0 MULTIC/SEMI- 10 KG;C8;'senape' tra gli allergeni ma nella scheda e' solo una traccia
FARINO7;FARINO - Barchette Cereali e Noci;C8;'uova' tra gli allergeni ma nella scheda e' solo una traccia
FARINO7;FARINO - Barchette Cereali e Noci;C8;'arachidi' tra gli allergeni ma nella scheda e' solo una traccia
FARINO7;FARINO - Barchette Cereali e Noci;C8;'latte' tra gli allergeni ma nella scheda e' solo una traccia
FARINO13;FARINO - Buns Classico (3 Pezzi);C8;tracce_di vuoto ma la scheda dice: può contenere latte, uova, soia, frutta a guscio, semi di sesamo, senape
FARINO8;FARINO - Friselline ai cereali;C8;'uova' tra gli allergeni ma nella scheda e' solo una traccia
FARINO8;FARINO - Friselline ai cereali;C8;'arachidi' tra gli allergeni ma nella scheda e' solo una traccia
FARINO8;FARINO - Friselline ai cereali;C8;'latte' tra gli allergeni ma nella scheda e' solo una traccia
FARINO8;FARINO - Friselline ai cereali;C8;'frutta_a_guscio' tra gli allergeni ma nella scheda e' solo una traccia
FARINO2;FARINO - GRISSINI PUGLIESI AI CEREALI;C8;'uova' tra gli allergeni ma nella scheda e' solo una traccia
FARINO2;FARINO - GRISSINI PUGLIESI AI CEREALI;C8;'arachidi' tra gli allergeni ma nella scheda e' solo una traccia
FARINO2;FARINO - GRISSINI PUGLIESI AI CEREALI;C8;'latte' tra gli allergeni ma nella scheda e' solo una traccia
FARINO2;FARINO - GRISSINI PUGLIESI AI CEREALI;C8;'frutta_a_guscio' tra gli allergeni ma nella scheda e' solo una traccia
FARINO3;FARINO - GRISSINI PUGLIESI CASERECCI;C8;'uova' tra gli allergeni ma nella scheda e' solo una traccia
FARINO3;FARINO - GRISSINI PUGLIESI CASERECCI;C8;'arachidi' tra gli allergeni ma nella scheda e' solo una traccia
FARINO3;FARINO - GRISSINI PUGLIESI CASERECCI;C8;'latte' tra gli allergeni ma nella scheda e' solo una traccia
FARINO3;FARINO - GRISSINI PUGLIESI CASERECCI;C8;'frutta_a_guscio' tra gli allergeni ma nella scheda e' solo una traccia
FARINO3;FARINO - GRISSINI PUGLIESI CASERECCI;C8;'sesamo' tra gli allergeni ma nella scheda e' solo una traccia
FARINO1;FARINO - GRISSINI PUGLIESI INTEGRALI;C8;'uova' tra gli allergeni ma nella scheda e' solo una traccia
FARINO1;FARINO - GRISSINI PUGLIESI INTEGRALI;C8;'arachidi' tra gli allergeni ma nella scheda e' solo una traccia
FARINO1;FARINO - GRISSINI PUGLIESI INTEGRALI;C8;'latte' tra gli allergeni ma nella scheda e' solo una traccia
FARINO1;FARINO - GRISSINI PUGLIESI INTEGRALI;C8;'frutta_a_guscio' tra gli allergeni ma nella scheda e' solo una traccia
FARINO1;FARINO - GRISSINI PUGLIESI INTEGRALI;C8;'sesamo' tra gli allergeni ma nella scheda e' solo una traccia
FARINO12;FARINO - Mini Buns Classico (4 Pezzi);C8;'uova' tra gli allergeni ma nella scheda e' solo una traccia
FARINO12;FARINO - Mini Buns Classico (4 Pezzi);C8;'latte' tra gli allergeni ma nella scheda e' solo una traccia
FARINO12;FARINO - Mini Buns Classico (4 Pezzi);C8;'senape' tra gli allergeni ma nella scheda e' solo una traccia
FARINO12;FARINO - Mini Buns Classico (4 Pezzi);C8;'sesamo' tra gli allergeni ma nella scheda e' solo una traccia
FARINO12;FARINO - Mini Buns Classico (4 Pezzi);C8;tracce_di vuoto ma la scheda dice: può contenere latte, uova, frutta a guscio, semi di sesamo, senape
FARINO11;FARINO - PADELLINO;C8;'uova' tra gli allergeni ma nella scheda e' solo una traccia
FARINO11;FARINO - PADELLINO;C8;'soia' tra gli allergeni ma nella scheda e' solo una traccia
FARINO11;FARINO - PADELLINO;C8;'latte' tra gli allergeni ma nella scheda e' solo una traccia
FARINO11;FARINO - PADELLINO;C8;'frutta_a_guscio' tra gli allergeni ma nella scheda e' solo una traccia
FARINO11;FARINO - PADELLINO;C8;'senape' tra gli allergeni ma nella scheda e' solo una traccia
FARINO11;FARINO - PADELLINO;C8;'sesamo' tra gli allergeni ma nella scheda e' solo una traccia
FARINO11;FARINO - PADELLINO;C8;'uova' tra gli allergeni ma nella scheda e' solo una traccia
FARINO11;FARINO - PADELLINO;C8;'soia' tra gli allergeni ma nella scheda e' solo una traccia
FARINO11;FARINO - PADELLINO;C8;'latte' tra gli allergeni ma nella scheda e' solo una traccia
FARINO11;FARINO - PADELLINO;C8;'senape' tra gli allergeni ma nella scheda e' solo una traccia
FARINO11;FARINO - PADELLINO;C8;'sesamo' tra gli allergeni ma nella scheda e' solo una traccia
FARINO11;FARINO - PADELLINO;C8;tracce_di vuoto ma la scheda dice: può contenere latte, uova, soia, frutta a guscio, semi di sesamo, senape
FARINO10;FARINO - PINSA ROMANA;C8;'uova' tra gli allergeni ma nella scheda e' solo una traccia
FARINO10;FARINO - PINSA ROMANA;C8;'soia' tra gli allergeni ma nella scheda e' solo una traccia
FARINO10;FARINO - PINSA ROMANA;C8;'latte' tra gli allergeni ma nella scheda e' solo una traccia
FARINO10;FARINO - PINSA ROMANA;C8;'frutta_a_guscio' tra gli allergeni ma nella scheda e' solo una traccia
FARINO10;FARINO - PINSA ROMANA;C8;'senape' tra gli allergeni ma nella scheda e' solo una traccia
FARINO10;FARINO - PINSA ROMANA;C8;'sesamo' tra gli allergeni ma nella scheda e' solo una traccia
FARINO10;FARINO - PINSA ROMANA;C8;'uova' tra gli allergeni ma nella scheda e' solo una traccia
FARINO10;FARINO - PINSA ROMANA;C8;'soia' tra gli allergeni ma nella scheda e' solo una traccia
FARINO10;FARINO - PINSA ROMANA;C8;'latte' tra gli allergeni ma nella scheda e' solo una traccia
FARINO10;FARINO - PINSA ROMANA;C8;'senape' tra gli allergeni ma nella scheda e' solo una traccia
FARINO10;FARINO - PINSA ROMANA;C8;'sesamo' tra gli allergeni ma nella scheda e' solo una traccia
FARINO10;FARINO - PINSA ROMANA;C8;tracce_di vuoto ma la scheda dice: può contenere latte, uova, soia, frutta a guscio, semi di sesamo, senape
FARINO4;FARINO - TARALLI CASERECCI;C8;'uova' tra gli allergeni ma nella scheda e' solo una traccia
FARINO4;FARINO - TARALLI CASERECCI;C8;'arachidi' tra gli allergeni ma nella scheda e' solo una traccia
FARINO4;FARINO - TARALLI CASERECCI;C8;'latte' tra gli allergeni ma nella scheda e' solo una traccia
FARINO4;FARINO - TARALLI CASERECCI;C8;'frutta_a_guscio' tra gli allergeni ma nella scheda e' solo una traccia
FARINO4;FARINO - TARALLI CASERECCI;C8;'sesamo' tra gli allergeni ma nella scheda e' solo una traccia
FARINO4;FARINO - TARALLI CASERECCI;C8;tracce_di vuoto ma la scheda dice: può contenere: arachidi, frutta a guscio (mandorle, nocciole, noci, pistacchi), 
FARINO5;FARINO - Taralli ai Cereali;C8;'uova' tra gli allergeni ma nella scheda e' solo una traccia
FARINO5;FARINO - Taralli ai Cereali;C8;'arachidi' tra gli allergeni ma nella scheda e' solo una traccia
FARINO5;FARINO - Taralli ai Cereali;C8;'latte' tra gli allergeni ma nella scheda e' solo una traccia
FARINO5;FARINO - Taralli ai Cereali;C8;'frutta_a_guscio' tra gli allergeni ma nella scheda e' solo una traccia
FARINO9;FARINO -PIZZA TONDA;C8;'uova' tra gli allergeni ma nella scheda e' solo una traccia
FARINO9;FARINO -PIZZA TONDA;C8;'soia' tra gli allergeni ma nella scheda e' solo una traccia
FARINO9;FARINO -PIZZA TONDA;C8;'latte' tra gli allergeni ma nella scheda e' solo una traccia
FARINO9;FARINO -PIZZA TONDA;C8;'frutta_a_guscio' tra gli allergeni ma nella scheda e' solo una traccia
FARINO9;FARINO -PIZZA TONDA;C8;'senape' tra gli allergeni ma nella scheda e' solo una traccia
FARINO9;FARINO -PIZZA TONDA;C8;'sesamo' tra gli allergeni ma nella scheda e' solo una traccia
FARINO9;FARINO -PIZZA TONDA;C8;'uova' tra gli allergeni ma nella scheda e' solo una traccia
FARINO9;FARINO -PIZZA TONDA;C8;'soia' tra gli allergeni ma nella scheda e' solo una traccia
FARINO9;FARINO -PIZZA TONDA;C8;'latte' tra gli allergeni ma nella scheda e' solo una traccia
FARINO9;FARINO -PIZZA TONDA;C8;'senape' tra gli allergeni ma nella scheda e' solo una traccia
FARINO9;FARINO -PIZZA TONDA;C8;'sesamo' tra gli allergeni ma nella scheda e' solo una traccia
FARINO9;FARINO -PIZZA TONDA;C8;tracce_di vuoto ma la scheda dice: può contenere latte, uova, soia, frutta a guscio, semi di sesamo, senape
LU161;Fratelli Lunardi - Cantucci Con Muesli 200g;C8;tracce_di vuoto ma la scheda dice: può contenere mandorle, noci, nocciole, pistacchi, arachidi, soia e sesamo
LU102;Fratelli Lunardi - Cantucci con cioccolato 200g;C8;'arachidi' tra gli allergeni ma nella scheda e' solo una traccia
LU102;Fratelli Lunardi - Cantucci con cioccolato 200g;C8;'sesamo' tra gli allergeni ma nella scheda e' solo una traccia
LU101;Fratelli Lunardi - Cantucci con cioccolato 400g;C8;'arachidi' tra gli allergeni ma nella scheda e' solo una traccia
LU101;Fratelli Lunardi - Cantucci con cioccolato 400g;C8;'sesamo' tra gli allergeni ma nella scheda e' solo una traccia
LU120;Fratelli Lunardi - Cantucci con cioccolato e arancia 200g;C8;'arachidi' tra gli allergeni ma nella scheda e' solo una traccia
LU120;Fratelli Lunardi - Cantucci con cioccolato e arancia 200g;C8;'frutta_a_guscio' tra gli allergeni ma nella scheda e' solo una traccia
LU120;Fratelli Lunardi - Cantucci con cioccolato e arancia 200g;C8;'senape' tra gli allergeni ma nella scheda e' solo una traccia
LU120;Fratelli Lunardi - Cantucci con cioccolato e arancia 200g;C8;'sesamo' tra gli allergeni ma nella scheda e' solo una traccia
LU170;Fratelli Lunardi - Cantucci con limone e polpa di lime 200g;C8;'arachidi' tra gli allergeni ma nella scheda e' solo una traccia
LU170;Fratelli Lunardi - Cantucci con limone e polpa di lime 200g;C8;'frutta_a_guscio' tra gli allergeni ma nella scheda e' solo una traccia
LU170;Fratelli Lunardi - Cantucci con limone e polpa di lime 200g;C8;'senape' tra gli allergeni ma nella scheda e' solo una traccia
LU170;Fratelli Lunardi - Cantucci con limone e polpa di lime 200g;C8;'sesamo' tra gli allergeni ma nella scheda e' solo una traccia
LU152;Fratelli Lunardi - Cantucci con mandorle 200g;C8;'arachidi' tra gli allergeni ma nella scheda e' solo una traccia
LU152;Fratelli Lunardi - Cantucci con mandorle 200g;C8;'soia' tra gli allergeni ma nella scheda e' solo una traccia
LU152;Fratelli Lunardi - Cantucci con mandorle 200g;C8;'senape' tra gli allergeni ma nella scheda e' solo una traccia
LU152;Fratelli Lunardi - Cantucci con mandorle 200g;C8;'sesamo' tra gli allergeni ma nella scheda e' solo una traccia
LU151;Fratelli Lunardi - Cantucci con mandorle 400g;C8;'arachidi' tra gli allergeni ma nella scheda e' solo una traccia
LU151;Fratelli Lunardi - Cantucci con mandorle 400g;C8;'soia' tra gli allergeni ma nella scheda e' solo una traccia
LU151;Fratelli Lunardi - Cantucci con mandorle 400g;C8;'senape' tra gli allergeni ma nella scheda e' solo una traccia
LU151;Fratelli Lunardi - Cantucci con mandorle 400g;C8;'sesamo' tra gli allergeni ma nella scheda e' solo una traccia
LU184;Fratelli Lunardi - Cookies Addormentasocere 300g;C8;'senape' tra gli allergeni ma nella scheda e' solo una traccia
LU184;Fratelli Lunardi - Cookies Addormentasocere 300g;C8;'sesamo' tra gli allergeni ma nella scheda e' solo una traccia
LU183;Fratelli Lunardi - Cookies Cioccoalleri 300g;C8;'arachidi' tra gli allergeni ma nella scheda e' solo una traccia
LU183;Fratelli Lunardi - Cookies Cioccoalleri 300g;C8;'senape' tra gli allergeni ma nella scheda e' solo una traccia
LU183;Fratelli Lunardi - Cookies Cioccoalleri 300g;C8;'sesamo' tra gli allergeni ma nella scheda e' solo una traccia
LU181;Fratelli Lunardi - Cookies Cocchi di Babbo 300g;C8;'arachidi' tra gli allergeni ma nella scheda e' solo una traccia
LU181;Fratelli Lunardi - Cookies Cocchi di Babbo 300g;C8;'senape' tra gli allergeni ma nella scheda e' solo una traccia
LU181;Fratelli Lunardi - Cookies Cocchi di Babbo 300g;C8;'sesamo' tra gli allergeni ma nella scheda e' solo una traccia
LU182;Fratelli Lunardi - Cookies Ramerini 300g;C8;'arachidi' tra gli allergeni ma nella scheda e' solo una traccia
LU182;Fratelli Lunardi - Cookies Ramerini 300g;C8;'soia' tra gli allergeni ma nella scheda e' solo una traccia
LU182;Fratelli Lunardi - Cookies Ramerini 300g;C8;'frutta_a_guscio' tra gli allergeni ma nella scheda e' solo una traccia
LU182;Fratelli Lunardi - Cookies Ramerini 300g;C8;'senape' tra gli allergeni ma nella scheda e' solo una traccia
LU182;Fratelli Lunardi - Cookies Ramerini 300g;C8;'sesamo' tra gli allergeni ma nella scheda e' solo una traccia
LU533;Fratelli Lunardi - Crema Spalmabile Gianduia 200g;C8;'arachidi' tra gli allergeni ma nella scheda e' solo una traccia
LU533;Fratelli Lunardi - Crema Spalmabile Gianduia 200g;C8;'senape' tra gli allergeni ma nella scheda e' solo una traccia
LU533;Fratelli Lunardi - Crema Spalmabile Gianduia 200g;C8;'sesamo' tra gli allergeni ma nella scheda e' solo una traccia
LU607;Fratelli Lunardi - Crocchetti Cipolla 80g;C8;'uova' tra gli allergeni ma nella scheda e' solo una traccia
LU607;Fratelli Lunardi - Crocchetti Cipolla 80g;C8;'arachidi' tra gli allergeni ma nella scheda e' solo una traccia
LU607;Fratelli Lunardi - Crocchetti Cipolla 80g;C8;'soia' tra gli allergeni ma nella scheda e' solo una traccia
LU607;Fratelli Lunardi - Crocchetti Cipolla 80g;C8;'latte' tra gli allergeni ma nella scheda e' solo una traccia
LU607;Fratelli Lunardi - Crocchetti Cipolla 80g;C8;'senape' tra gli allergeni ma nella scheda e' solo una traccia
LU607;Fratelli Lunardi - Crocchetti Cipolla 80g;C8;'sesamo' tra gli allergeni ma nella scheda e' solo una traccia
LU606;Fratelli Lunardi - Crocchetti Classici 80g;C8;'uova' tra gli allergeni ma nella scheda e' solo una traccia
LU606;Fratelli Lunardi - Crocchetti Classici 80g;C8;'arachidi' tra gli allergeni ma nella scheda e' solo una traccia
LU606;Fratelli Lunardi - Crocchetti Classici 80g;C8;'soia' tra gli allergeni ma nella scheda e' solo una traccia
LU606;Fratelli Lunardi - Crocchetti Classici 80g;C8;'latte' tra gli allergeni ma nella scheda e' solo una traccia
LU606;Fratelli Lunardi - Crocchetti Classici 80g;C8;'senape' tra gli allergeni ma nella scheda e' solo una traccia
LU606;Fratelli Lunardi - Crocchetti Classici 80g;C8;'sesamo' tra gli allergeni ma nella scheda e' solo una traccia
LU609;Fratelli Lunardi - Crocchetti Integrali 80g;C8;'uova' tra gli allergeni ma nella scheda e' solo una traccia
LU609;Fratelli Lunardi - Crocchetti Integrali 80g;C8;'arachidi' tra gli allergeni ma nella scheda e' solo una traccia
LU609;Fratelli Lunardi - Crocchetti Integrali 80g;C8;'soia' tra gli allergeni ma nella scheda e' solo una traccia
LU609;Fratelli Lunardi - Crocchetti Integrali 80g;C8;'latte' tra gli allergeni ma nella scheda e' solo una traccia
LU609;Fratelli Lunardi - Crocchetti Integrali 80g;C8;'senape' tra gli allergeni ma nella scheda e' solo una traccia
LU609;Fratelli Lunardi - Crocchetti Integrali 80g;C8;'sesamo' tra gli allergeni ma nella scheda e' solo una traccia
LU608;Fratelli Lunardi - Crocchetti Sesamo 80g;C8;'uova' tra gli allergeni ma nella scheda e' solo una traccia
LU608;Fratelli Lunardi - Crocchetti Sesamo 80g;C8;'arachidi' tra gli allergeni ma nella scheda e' solo una traccia
LU608;Fratelli Lunardi - Crocchetti Sesamo 80g;C8;'soia' tra gli allergeni ma nella scheda e' solo una traccia
LU608;Fratelli Lunardi - Crocchetti Sesamo 80g;C8;'latte' tra gli allergeni ma nella scheda e' solo una traccia
LU608;Fratelli Lunardi - Crocchetti Sesamo 80g;C8;'senape' tra gli allergeni ma nella scheda e' solo una traccia
LU516;Fratelli Lunardi - Panforte Margherita;C8;'uova' tra gli allergeni ma nella scheda e' solo una traccia
LU516;Fratelli Lunardi - Panforte Margherita;C8;'arachidi' tra gli allergeni ma nella scheda e' solo una traccia
LU516;Fratelli Lunardi - Panforte Margherita;C8;'soia' tra gli allergeni ma nella scheda e' solo una traccia
LU516;Fratelli Lunardi - Panforte Margherita;C8;'latte' tra gli allergeni ma nella scheda e' solo una traccia
LU516;Fratelli Lunardi - Panforte Margherita;C8;'senape' tra gli allergeni ma nella scheda e' solo una traccia
LU516;Fratelli Lunardi - Panforte Margherita;C8;'sesamo' tra gli allergeni ma nella scheda e' solo una traccia
FG546;GENTILE - PANINI PER BURGER;C8;'frutta_a_guscio' tra gli allergeni ma nella scheda e' solo una traccia
GRAND10V;Granella di Pistacchio Verde di Bronte DOP 100g in Vaschetta;C8;tracce_di vuoto ma la scheda dice: può contenere tracce di altra frutta a guscio
GRAND1;Granella di Pistacchio Verde di Bronte DOP 1kg in Vaschetta;C8;tracce_di vuoto ma la scheda dice: può contenere tracce di altra frutta a guscio
RAFI203;I De Giorgi - Ristorazione - Olive Leccino Denocciolate 2900g;C8;tracce_di vuoto ma la scheda dice: può contenere tracce di nocciolo
S090328;LA CASA DEL GRANO - FREGOLA SARDA MEDIA;C8;tracce_di vuoto ma la scheda dice: può contenere soia e senape
FETLI250;MARILUNGO - FETTUCCINE LIMONE 250GR;C8;tracce_di vuoto ma la scheda dice: può contenere senape e soia
MBS3;MASCIARELLI - Anelloni 500g;C8;tracce_di vuoto ma la scheda dice: può contenere tracce di soia e senape
MGS3;MASCIARELLI - Anelloni Gourmet 500g;C8;tracce_di vuoto ma la scheda dice: può contenere tracce di soia e senape
MBL6;MASCIARELLI - Bucatini 500g;C8;tracce_di vuoto ma la scheda dice: può contenere tracce di soia e senape
MGL6;MASCIARELLI - Bucatini Gourmet 500g;C8;tracce_di vuoto ma la scheda dice: può contenere tracce di soia e senape
MBC11;MASCIARELLI - Caserecci 500g;C8;tracce_di vuoto ma la scheda dice: può contenere tracce di soia e senape
MGF3;MASCIARELLI - Caserecci Al Farro 500g;C8;tracce_di vuoto ma la scheda dice: può contenere tracce di soia e senape
MGE2;MASCIARELLI - Caserecci Extra Lunghi 1kg;C8;tracce_di vuoto ma la scheda dice: può contenere tracce di soia e senape
MGC11;MASCIARELLI - Caserecci Gourmet 500g;C8;tracce_di vuoto ma la scheda dice: può contenere tracce di soia e senape
MGI3;MASCIARELLI - Caserecci Integrali 500g;C8;tracce_di vuoto ma la scheda dice: può contenere tracce di soia e senape
MBL2;MASCIARELLI - Chitarra 500g;C8;tracce_di vuoto ma la scheda dice: può contenere tracce di soia e senape
MGF1;MASCIARELLI - Chitarra Al Farro 500g;C8;tracce_di vuoto ma la scheda dice: può contenere tracce di soia e senape
MGE3;MASCIARELLI - Chitarra Extra Lunga 1kg;C8;tracce_di vuoto ma la scheda dice: può contenere tracce di soia e senape
MGL2;MASCIARELLI - Chitarra Gourmet 500g;C8;tracce_di vuoto ma la scheda dice: può contenere tracce di soia e senape
MGI1;MASCIARELLI - Chitarra Integrale 500g;C8;tracce_di vuoto ma la scheda dice: può contenere tracce di soia e senape
MBC15;MASCIARELLI - Farfalle 500g;C8;tracce_di vuoto ma la scheda dice: può contenere tracce di soia e senape
MGC15;MASCIARELLI - Farfalle Gourmet 500g;C8;tracce_di vuoto ma la scheda dice: può contenere tracce di soia e senape
MGF2;MASCIARELLI - Fettuccine Al Farro 500g;C8;tracce_di vuoto ma la scheda dice: può contenere tracce di soia e senape
MGE1;MASCIARELLI - Fettuccine Extra Lunghe 1kg;C8;tracce_di vuoto ma la scheda dice: può contenere tracce di soia e senape
MGI2;MASCIARELLI - Fettuccine Integrali 500g;C8;tracce_di vuoto ma la scheda dice: può contenere tracce di soia e senape
MBL5;MASCIARELLI - Fettuccine Rigate 500g;C8;tracce_di vuoto ma la scheda dice: può contenere tracce di soia e senape
MGL5;MASCIARELLI - Fettuccine Rigate Gourmet 500g;C8;tracce_di vuoto ma la scheda dice: può contenere tracce di soia e senape
MBC10;MASCIARELLI - Fusilli 500g;C8;tracce_di vuoto ma la scheda dice: può contenere tracce di soia e senape
MGC10;MASCIARELLI - Fusilli Gourmet 500g;C8;tracce_di vuoto ma la scheda dice: può contenere tracce di soia e senape
MBS1;MASCIARELLI - Fusilloni 500g;C8;tracce_di vuoto ma la scheda dice: può contenere tracce di soia e senape
MGS1;MASCIARELLI - Fusilloni Gourmet 500g;C8;tracce_di vuoto ma la scheda dice: può contenere tracce di soia e senape
MBC12;MASCIARELLI - Gnocchetti Sardi 500g;C8;tracce_di vuoto ma la scheda dice: può contenere tracce di soia e senape
MGC12;MASCIARELLI - Gnocchetti Sardi Gourmet 500g;C8;tracce_di vuoto ma la scheda dice: può contenere tracce di soia e senape
MBL4;MASCIARELLI - Linguine 500g;C8;tracce_di vuoto ma la scheda dice: può contenere tracce di soia e senape
MGL4;MASCIARELLI - Linguine Gourmet 500g;C8;tracce_di vuoto ma la scheda dice: può contenere tracce di soia e senape
MBS5;MASCIARELLI - Lumaconi 500g;C8;tracce_di vuoto ma la scheda dice: può contenere tracce di soia e senape
MGS5;MASCIARELLI - Lumaconi Gourmet 500g;C8;tracce_di vuoto ma la scheda dice: può contenere tracce di soia e senape
MBC6;MASCIARELLI - Maccheroncini 500g;C8;tracce_di vuoto ma la scheda dice: può contenere tracce di soia e senape
MGC6;MASCIARELLI - Maccheroncini Gourmet 500g;C8;tracce_di vuoto ma la scheda dice: può contenere tracce di soia e senape
MBC16;MASCIARELLI - Mezza Zita 500g;C8;tracce_di vuoto ma la scheda dice: può contenere tracce di soia e senape
MGC16;MASCIARELLI - Mezza Zita Gourmet 500g;C8;tracce_di vuoto ma la scheda dice: può contenere tracce di soia e senape
MBC2;MASCIARELLI - Mezzi Rigatoni 500g;C8;tracce_di vuoto ma la scheda dice: può contenere tracce di soia e senape
MGC2;MASCIARELLI - Mezzi Rigatoni Gourmet 500g;C8;tracce_di vuoto ma la scheda dice: può contenere tracce di soia e senape
MBS4;MASCIARELLI - Orecchiette 500g;C8;tracce_di vuoto ma la scheda dice: può contenere tracce di soia e senape
MGS4;MASCIARELLI - Orecchiette Gourmet 500g;C8;tracce_di vuoto ma la scheda dice: può contenere tracce di soia e senape
MBS2;MASCIARELLI - Paccheri 500g;C8;tracce_di vuoto ma la scheda dice: può contenere tracce di soia e senape
MGS2;MASCIARELLI - Paccheri Gourmet 500g;C8;tracce_di vuoto ma la scheda dice: può contenere tracce di soia e senape
MBC8;MASCIARELLI - Pasta Mista 500g;C8;tracce_di vuoto ma la scheda dice: può contenere tracce di soia e senape
MGC8;MASCIARELLI - Pasta Mista Gourmet 500g;C8;tracce_di vuoto ma la scheda dice: può contenere tracce di soia e senape
MBC13;MASCIARELLI - Penne Lisce 500g;C8;tracce_di vuoto ma la scheda dice: può contenere tracce di soia e senape
MGC13;MASCIARELLI - Penne Lisce Gourmet 500g;C8;tracce_di vuoto ma la scheda dice: può contenere tracce di soia e senape
MBC4;MASCIARELLI - Penne Rigate 500g;C8;tracce_di vuoto ma la scheda dice: può contenere tracce di soia e senape
MGC4;MASCIARELLI - Penne Rigate Gourmet 500g;C8;tracce_di vuoto ma la scheda dice: può contenere tracce di soia e senape
MBC14;MASCIARELLI - Pennine Piccole Rigate 500g;C8;tracce_di vuoto ma la scheda dice: può contenere tracce di soia e senape
MGC14;MASCIARELLI - Pennine Piccole Rigate Gourmet 500g;C8;tracce_di vuoto ma la scheda dice: può contenere tracce di soia e senape
MBC3;MASCIARELLI - Pennoni Rigati 500g;C8;tracce_di vuoto ma la scheda dice: può contenere tracce di soia e senape
MGC3;MASCIARELLI - Pennoni Rigati Gourmet 500g;C8;tracce_di vuoto ma la scheda dice: può contenere tracce di soia e senape
MBC7;MASCIARELLI - Regina Ruvida 500g;C8;tracce_di vuoto ma la scheda dice: può contenere tracce di soia e senape
MGC7;MASCIARELLI - Regina Ruvida Gourmet 500g;C8;tracce_di vuoto ma la scheda dice: può contenere tracce di soia e senape
MBC1;MASCIARELLI - Rigatoni 500g;C8;tracce_di vuoto ma la scheda dice: può contenere tracce di soia e senape
MGC1;MASCIARELLI - Rigatoni Gourmet 500g;C8;tracce_di vuoto ma la scheda dice: può contenere tracce di soia e senape
MBS6;MASCIARELLI - Sagna Riccia 500g;C8;tracce_di vuoto ma la scheda dice: può contenere tracce di soia e senape
MBC5;MASCIARELLI - Sedani 500g;C8;tracce_di vuoto ma la scheda dice: può contenere tracce di soia e senape
MGC5;MASCIARELLI - Sedani Gourmet 500g;C8;tracce_di vuoto ma la scheda dice: può contenere tracce di soia e senape
MBL3;MASCIARELLI - Spaghetti 500g;C8;tracce_di vuoto ma la scheda dice: può contenere tracce di soia e senape
MGP1;MASCIARELLI - Spaghetti Al Peperone 500g;C8;tracce_di vuoto ma la scheda dice: può contenere tracce di soia e senape
MGL3;MASCIARELLI - Spaghetti Gourmet 500g;C8;tracce_di vuoto ma la scheda dice: può contenere tracce di soia e senape
MBL1;MASCIARELLI - Spaghettini 500g;C8;tracce_di vuoto ma la scheda dice: può contenere tracce di soia e senape
MGL1;MASCIARELLI - Spaghettini Gourmet 500g;C8;tracce_di vuoto ma la scheda dice: può contenere tracce di soia e senape
MGS6;MASCIARELLI - Spaghettoni Gourmet 500g;C8;tracce_di vuoto ma la scheda dice: può contenere tracce di soia e senape
MBL7;MASCIARELLI - Tagliolini 500g;C8;tracce_di vuoto ma la scheda dice: può contenere tracce di soia e senape
MGL7;MASCIARELLI - Tagliolini Gourmet 500g;C8;tracce_di vuoto ma la scheda dice: può contenere tracce di soia e senape
MBC9;MASCIARELLI - Tubetti Rigati 500g;C8;tracce_di vuoto ma la scheda dice: può contenere tracce di soia e senape
MGC9;MASCIARELLI - Tubetti Rigati Gourmet 500g;C8;tracce_di vuoto ma la scheda dice: può contenere tracce di soia e senape
SETTE2.01;MULINO MARINO - FARINA 7 EFFE 2.O DA 1KG;C8;'soia' tra gli allergeni ma nella scheda e' solo una traccia
SETTE2.01;MULINO MARINO - FARINA 7 EFFE 2.O DA 1KG;C8;'senape' tra gli allergeni ma nella scheda e' solo una traccia
SETTE2.05;MULINO MARINO - FARINA 7 EFFE 2.O DA 5KG;C8;'soia' tra gli allergeni ma nella scheda e' solo una traccia
SETTE2.05;MULINO MARINO - FARINA 7 EFFE 2.O DA 5KG;C8;'senape' tra gli allergeni ma nella scheda e' solo una traccia
BURATTO10;MULINO MARINO - FARINA BURATTO - SACCO DA 10 KG;C8;tracce_di vuoto ma la scheda dice: può contenere tracce di soia e tracce di senape
ENKIR1;MULINO MARINO - FARINA DI ENKIR TIPO 2 1KG;C8;tracce_di vuoto ma la scheda dice: può contenere tracce di soia e tracce di senape
FARROBIANCO5;MULINO MARINO - FARINA DI FARRO BIANCO 5KG;C8;'soia' tra gli allergeni ma nella scheda e' solo una traccia
FARROBIANCO5;MULINO MARINO - FARINA DI FARRO BIANCO 5KG;C8;'senape' tra gli allergeni ma nella scheda e' solo una traccia
FARTIPO01;MULINO MARINO - FARINA DI GRANO TENERO TIPO 0 - 1KG;C8;'soia' tra gli allergeni ma nella scheda e' solo una traccia
FARTIPO01;MULINO MARINO - FARINA DI GRANO TENERO TIPO 0 - 1KG;C8;'senape' tra gli allergeni ma nella scheda e' solo una traccia
FARRISO1;MULINO MARINO - FARINA DI RISO 1KG;C8;'glutine' tra gli allergeni ma nella scheda e' solo una traccia
FARRISO1;MULINO MARINO - FARINA DI RISO 1KG;C8;'soia' tra gli allergeni ma nella scheda e' solo una traccia
FARRISO1;MULINO MARINO - FARINA DI RISO 1KG;C8;'senape' tra gli allergeni ma nella scheda e' solo una traccia
FARRISO1;MULINO MARINO - FARINA DI RISO 1KG;C8;tracce_di vuoto ma la scheda dice: tracce di glutine, tracce di soia e tracce di senape
SEGALEBIANCA5;MULINO MARINO - FARINA DI SEGALE BIANCA 5KG;C8;'soia' tra gli allergeni ma nella scheda e' solo una traccia
SEGALEBIANCA5;MULINO MARINO - FARINA DI SEGALE BIANCA 5KG;C8;'senape' tra gli allergeni ma nella scheda e' solo una traccia
ENKIRINT10;MULINO MARINO - FARINA ENKIR INTEGRALE - SACCO 10 KG;C8;tracce_di vuoto ma la scheda dice: può contenere tracce di soia e tracce di senape
ENKIR10;MULINO MARINO - FARINA ENKIR TIPO 2 - SACCO 10 KG;C8;tracce_di vuoto ma la scheda dice: può contenere tracce di soia e tracce di senape
FARTIPO010;MULINO MARINO - FARINA GRANO TENERO TIPO 0 - SACCO 10KG;C8;'soia' tra gli allergeni ma nella scheda e' solo una traccia
FARTIPO010;MULINO MARINO - FARINA GRANO TENERO TIPO 0 - SACCO 10KG;C8;'senape' tra gli allergeni ma nella scheda e' solo una traccia
FAR1511;MULINO MARINO - FARINA GRANO TENERO TIPO 00 1KG;C8;'soia' tra gli allergeni ma nella scheda e' solo una traccia
FAR1511;MULINO MARINO - FARINA GRANO TENERO TIPO 00 1KG;C8;'senape' tra gli allergeni ma nella scheda e' solo una traccia
FAR15110;MULINO MARINO - FARINA GRANO TENERO TIPO 00 SACCO 10KG;C8;'soia' tra gli allergeni ma nella scheda e' solo una traccia
FAR15110;MULINO MARINO - FARINA GRANO TENERO TIPO 00 SACCO 10KG;C8;'senape' tra gli allergeni ma nella scheda e' solo una traccia
BURATTO1;MULINO MARINO - FARINA GRANO TENERO TIPO 2 BURATTO KG1;C8;tracce_di vuoto ma la scheda dice: può contenere tracce di soia e tracce di senape
MACINA1;MULINO MARINO - FARINA MACINA CONFEZIONE DA 1KG;C8;'soia' tra gli allergeni ma nella scheda e' solo una traccia
MACINA1;MULINO MARINO - FARINA MACINA CONFEZIONE DA 1KG;C8;'senape' tra gli allergeni ma nella scheda e' solo una traccia
MACINA10;MULINO MARINO - FARINA MACINA SACCO 10KG;C8;'soia' tra gli allergeni ma nella scheda e' solo una traccia
MACINA10;MULINO MARINO - FARINA MACINA SACCO 10KG;C8;'senape' tra gli allergeni ma nella scheda e' solo una traccia
SETTEEFFE1;MULINO MARINO - FARINA SETTE EFFE AI 7 CEREALI 1KG;C8;'soia' tra gli allergeni ma nella scheda e' solo una traccia
SETTEEFFE1;MULINO MARINO - FARINA SETTE EFFE AI 7 CEREALI 1KG;C8;'senape' tra gli allergeni ma nella scheda e' solo una traccia
MANITOBA10;"MULINO MARINO - FARINA TIPO ""FURIA"" SACCO DA 10 KG";C8;'soia' tra gli allergeni ma nella scheda e' solo una traccia
MANITOBA10;"MULINO MARINO - FARINA TIPO ""FURIA"" SACCO DA 10 KG";C8;'senape' tra gli allergeni ma nella scheda e' solo una traccia
MANITOBA1;MULINO MARINO - FARINA TIPO FURIA ITALIANA BIO 1KG;C8;'soia' tra gli allergeni ma nella scheda e' solo una traccia
MANITOBA1;MULINO MARINO - FARINA TIPO FURIA ITALIANA BIO 1KG;C8;'senape' tra gli allergeni ma nella scheda e' solo una traccia
FARRINT10;MULINO MARINO - MACINATO FARRO INTEGRALE- SACCO 10 KG;C8;'soia' tra gli allergeni ma nella scheda e' solo una traccia
FARRINT10;MULINO MARINO - MACINATO FARRO INTEGRALE- SACCO 10 KG;C8;'senape' tra gli allergeni ma nella scheda e' solo una traccia
FARRINT1;MULINO MARINO - MACINATO INTERO DI FARRO INTEGRALE 1KG;C8;'soia' tra gli allergeni ma nella scheda e' solo una traccia
FARRINT1;MULINO MARINO - MACINATO INTERO DI FARRO INTEGRALE 1KG;C8;'senape' tra gli allergeni ma nella scheda e' solo una traccia
SEGALE10;MULINO MARINO - MACINATO INTERO SEGALE SACCO 10 KG;C8;'soia' tra gli allergeni ma nella scheda e' solo una traccia
SEGALE10;MULINO MARINO - MACINATO INTERO SEGALE SACCO 10 KG;C8;'senape' tra gli allergeni ma nella scheda e' solo una traccia
SEMOLA1;MULINO MARINO - SEMOLA 1KG DI GRANO DURO DA COLTIVAZIONE BIOLOGICA;C8;'soia' tra gli allergeni ma nella scheda e' solo una traccia
SEMOLA1;MULINO MARINO - SEMOLA 1KG DI GRANO DURO DA COLTIVAZIONE BIOLOGICA;C8;'senape' tra gli allergeni ma nella scheda e' solo una traccia
SEMOLA10;MULINO MARINO - SEMOLA DI GRANO DURO SACCO 10KG;C8;'soia' tra gli allergeni ma nella scheda e' solo una traccia
SEMOLA10;MULINO MARINO - SEMOLA DI GRANO DURO SACCO 10KG;C8;'senape' tra gli allergeni ma nella scheda e' solo una traccia
SETTEEFFE5;MULINO MARINO - SETTE EFFE 5KG (AI 7 CEREALI);C8;'soia' tra gli allergeni ma nella scheda e' solo una traccia
SETTEEFFE5;MULINO MARINO - SETTE EFFE 5KG (AI 7 CEREALI);C8;'senape' tra gli allergeni ma nella scheda e' solo una traccia
SFARIN1;MULINO MARINO - SFARINATO BIO GRANO DURO 1 KG;C8;'soia' tra gli allergeni ma nella scheda e' solo una traccia
SFARIN1;MULINO MARINO - SFARINATO BIO GRANO DURO 1 KG;C8;'senape' tra gli allergeni ma nella scheda e' solo una traccia
SFARIN25;MULINO MARINO - SFARINATO BIO GRANO DURO25KG;C8;'soia' tra gli allergeni ma nella scheda e' solo una traccia
SFARIN25;MULINO MARINO - SFARINATO BIO GRANO DURO25KG;C8;'senape' tra gli allergeni ma nella scheda e' solo una traccia
MAIO.TART130;Maionese al Gusto di Tartufo;C8;'solfiti' tra gli allergeni ma nella scheda e' solo una traccia
OEV5;OLIVE VERDI GRECHE;C8;tracce_di vuoto ma la scheda dice: può contenere traccia di : lupini
PAARNRSV;PANCETTA ARROTOLATA AFFUMICATA DI SUINO NERO PUGLIESE;C8;'glutine' tra gli allergeni ma nella scheda e' solo una traccia
PAARNRSV;PANCETTA ARROTOLATA AFFUMICATA DI SUINO NERO PUGLIESE;C8;tracce_di vuoto ma la scheda dice: può contenere: glutine
BATTA46;PANE CARASATU GUTTIÀU;C8;'soia' tra gli allergeni ma nella scheda e' solo una traccia
BATTA46;PANE CARASATU GUTTIÀU;C8;'senape' tra gli allergeni ma nella scheda e' solo una traccia
BATTA45;PANE CARASATU INTEGRALE;C8;'soia' tra gli allergeni ma nella scheda e' solo una traccia
BATTA45;PANE CARASATU INTEGRALE;C8;'senape' tra gli allergeni ma nella scheda e' solo una traccia
BATTA28;PANE CARASATU SMART GUTTIÀU;C8;'soia' tra gli allergeni ma nella scheda e' solo una traccia
BATTA28;PANE CARASATU SMART GUTTIÀU;C8;'senape' tra gli allergeni ma nella scheda e' solo una traccia
BATTA44;PANE CARASATU TRADIZIONALE;C8;'soia' tra gli allergeni ma nella scheda e' solo una traccia
BATTA44;PANE CARASATU TRADIZIONALE;C8;'senape' tra gli allergeni ma nella scheda e' solo una traccia
LPPESTO2;PESTO MAREMMA 'MPESTATA;C8;tracce_di vuoto ma la scheda dice: può contenere frutta a guscio
PK1DOP;Pasta Pura 100% Pistacchio Verde di Bronte DOP 1kg;C8;tracce_di vuoto ma la scheda dice: può contenere tracce di altra frutta a guscio
SC-350G;Pesto Genovese Fresco Sac à Poche 350g;C8;'frutta_a_guscio' tra gli allergeni ma nella scheda e' solo una traccia
V-129;Pesto Rossi - Pesto Genovese lunga Conservazione;C8;'frutta_a_guscio' tra gli allergeni ma nella scheda e' solo una traccia
V-129;Pesto Rossi - Pesto Genovese lunga Conservazione;C8;tracce_di vuoto ma la scheda dice: può contenere tracce di altra frutta a guscio
V-129-SA;Pesto Rossi - Pesto Genovese senza Aglio Lunga Conservazione;C8;'frutta_a_guscio' tra gli allergeni ma nella scheda e' solo una traccia
V-129-SA;Pesto Rossi - Pesto Genovese senza Aglio Lunga Conservazione;C8;tracce_di vuoto ma la scheda dice: può contenere tracce di altra frutta a guscio
PA19D;Pesto di Pistacchio Verde di Bronte DOP 190g;C8;tracce_di vuoto ma la scheda dice: può contenere tracce di altra frutta a guscio
PA9D;Pesto di Pistacchio Verde di Bronte DOP 90g;C8;tracce_di vuoto ma la scheda dice: può contenere tracce di altra frutta a guscio
BPD10;Pistacchio Verde di Bronte DOP Sgusciato 100g;C8;tracce_di vuoto ma la scheda dice: può contenere tracce di altra frutta a guscio
BPD1;Pistacchio Verde di Bronte DOP Sgusciato 1kg;C8;tracce_di vuoto ma la scheda dice: può contenere tracce di altra frutta a guscio
PARISIMP;RISERVA DEL PASTORE IMPAGLIATO;C8;tracce_di vuoto ma la scheda dice: può contenere tracce di glutine
SADOSV;SALAME DOLCE AFFUMICATO DI MARTINA FRANCA;C8;'glutine' tra gli allergeni ma nella scheda e' solo una traccia
SADOSV;SALAME DOLCE AFFUMICATO DI MARTINA FRANCA;C8;tracce_di vuoto ma la scheda dice: può contenere: glutine
LPSAPENP;SALSA DI PECORINO CACIO E PEPE;C8;tracce_di vuoto ma la scheda dice: può contenere tracce di : pistacchi, noci, semi di sesamo, sedano,senape, aglio,
S040321;SMERALDA - POLPA DI RICCIO DI MARE CONGELATA;C8;tracce_di vuoto ma la scheda dice: tracce di aculei o gusci
S040364;SMERALDA - POLPA DI RICCIO DI MARE CONGELATA;C8;tracce_di vuoto ma la scheda dice: tracce di aculei o gusci
LPSUPAGP;SUPER PAGLIONE;C8;tracce_di vuoto ma la scheda dice: può contenere tracce di glutine
DFT1700ML;TONNO IN OLIO DI OLIVA - DELFINO BATTISTA;C8;tracce_di vuoto ma la scheda dice: può contenere spine
