fonte;termine;occorrenze;esempi
ricettario;insalata verde;8;Insalata con Salmone Affumicato e Avocad | Insalata con Tonno e Uovo | Insalata con Pollo Grigliato e Grana
ricettario;burrata fresca;5;Straccetti di Pasta Croccante con Burrat | Burrata con Prosciutto Crudo | Panino con Burrata, Alici, Cime di Rapa 
ricettario;burrata;4;Tagliere con Prosciutto Stagionato, Ruco | Burrata con Capocollo e Pomodorino Soleg | Pizza su Base di Patate con Macinato di 
ricettario;manzo per tartare;4;Tartare di Manzo Battuta al Coltello | Tacos di Pane con Tartare di Manzo e Cap | Tartare di Manzo con Uovo Marinato e Pep
ricettario;pane per burger;4;Burger con Cheddar, Bacon Affumicato e S | Burger con Scamorza Affumicata e Melanza | Burger di Pollo Fritto con Salsa Senape 
ricettario;salsiccia lovison;4;Pappardelle all'Uovo Marilungo al Ragù B | Mafalde Gentile con Crema di Zucca Finag | Risotto Acquerello al Vino Rosso con Sal
ricettario;gnocchi di patate;3;Gnocchi con Polpo e Olive | Gnocchi di Patate al Gorgonzola e Noci | Gnocchi al Pomodoro e Basilico
ricettario;pane per bruschetta;3;Bruschette con Pomodorini Confit e Strac | Bruschette con Caciocavallo e Zucchine a | Bruschette con Crema di Caprino, Capocol
ricettario;pane per panino;3;Panino con Tartare di Tonno, Mozzarella  | Panino con Braciola di Manzo a Bassa Tem | Panino con Polpo Grigliato e Bufala
ricettario;braciola di manzo;2;Braciole di Manzo a Bassa Temperatura | Panino con Braciola di Manzo a Bassa Tem
ricettario;entrecote di manzo;2;Entrecote di Manzo con Insalata di Rucol | Entrecote ai Funghi Porcini con Bufala e
ricettario;maritozzo o pan brioche salato;2;Maritozzo Salato con Salmone Marinato e  | Maritozzo Salato con Spuma di Ricotta, Z
ricettario;musetto lovison;2;Maccheroncini IGP Marilungo al Musetto F | Musetto Tradizionale Friulano Lovison co
ricettario;pane per hamburger;2;Cheeseburger Classico | Panino Vegetariano con Verdure Grigliate
ricettario;pane per tacos;2;Tacos di Pane con Tartare di Manzo e Cap | Tacos di Pane con Tartare di Salmone e A
ricettario;pollo grigliato;2;Caesar Salad con Pollo Grigliato | Insalata con Pollo Grigliato e Grana
ricettario;salmone marinato;2;Salmone Marinato con Mayo allo Yogurt | Crostone con Salmone Marinato e Crema di
ricettario;stracciatella caseificio stella di cecca;2;Tortiglioni Gentile con Vellutata di Piz | Risotto Acquerello al San Marzano DOP e 
ricettario;tacchino arrosto;2;Club Sandwich con Tacchino, Bacon e Uovo | Pizza con Radicchio, Tacchino Arrosto e 
ricettario;babà imbevuto al rum;1;Babà al Rum con Gelato e Panna
ricettario;babà pronto in vasetto;1;Babà al Rum
ricettario;baccalà dissalato;1;Baccalà alla Livornese
ricettario;besciamella cremosa densa;1;Frittatina di Pasta Tradizionale alla Be
ricettario;bisque o fumetto di crostacei;1;Spaghettone in Bisque di Gamberi Rossi e
ricettario;bombette di suino;1;Bombette di Suino Nero con Salse
ricettario;bombette pugliesi di maiale farcite;1;Pizza nel Ruoto con Bombetta e Chimichur
ricettario;burrata fresca intera;1;Pizza Burrata e Crudo di Parma
ricettario;burrata fresca o stracciatella;1;Sandwich ai Cereali con Salmone, Burrata
ricettario;burrata o stracciatella;1;Pizza Norvegia con Burrata e Salmone
ricettario;burrata o stracciatella pugliese;1;Pinsa Romana Gourmet per Pub e Bistrot
ricettario;calamari ad anelli;1;Frittura Mista di Calamari e Gamberi
ricettario;capesante;1;Capesante Gratinate
ricettario;carne per cotoletta;1;Cotoletta alla Milanese con Patate
ricettario;carne per tagliata;1;Tagliata su Letto di Parmigiano
ricettario;ciabattina di grano duro;1;Panino con Roastbeef, Pecorino, Grana e 
ricettario;costine di maiale intere;1;Costine di Maiale Glassate al Barbecue
ricettario;cotoletta di vitello impanata;1;Scrocchiarella con Cotoletta di Vitello,
ricettario;cozze fresche;1;Fusilloni Cacio e Pepe con Cozze
ricettario;cozze fresche con guscio;1;Impepata Tradizionale di Cozze
ricettario;crescenza o stracchino fresco;1;Panino con Porchetta, Crescenza e Pomodo
ricettario;crescia sfogliata marchigiana o piadina sfogliata;1;Crescia con Porchetta, Provola e Cime di
ricettario;culatello o culatta stagionata;1;Culatello con Giardiniera
ricettario;entrecôte di manzo;1;Entrecôte ai Funghi Porcini
ricettario;feta;1;Insalata Greca con Feta e Olive
ricettario;filetto di manzo;1;Filetto di Manzo al Pepe Verde
ricettario;fiori di zucca freschi;1;Pizza con Fiori di Zucca, Crema di Zucch
ricettario;formaggio a cubetti;1;Tris Classico Salumi, Formaggi e Olive
ricettario;formaggio cheddar o caciotta fondente;1;Hamburger Gourmet con Cheddar e Bacon
ricettario;formaggio di malga;1;Speck e Formaggio di Malga con Miele di 
ricettario;formaggio gruyère o fontina d'alpeggio;1;Toast con Prosciutto Cotto Affumicato e 
ricettario;formaggio misto a cubetti;1;Ciotolina Formaggi e Miele
ricettario;frutti di mare misti;1;Spaghetti allo Scoglio con Frutti di Mar
ricettario;gamberi lessati o scottati;1;Insalatona con Gamberi, Salmone e Avocad
ricettario;gamberi rossi freschi;1;Maritozzo Salato con Tartare di Gambero 
ricettario;gamberi rossi o crostacei da crudo;1;Spaghettone in Bisque di Gamberi Rossi e
ricettario;gamberi sgusciati;1;Frittura Mista di Calamari e Gamberi
ricettario;gambero crudo;1;Panzanella con Tartare di Gambero e Burr
ricettario;gelato artigianale al fiordilatte;1;Torta di Nocciole con Gelato al Fiordila
ricettario;guacamole di avocado fresco e lime;1;Pizza con Salmone e Guacamole
ricettario;hamburger di manzo;1;Cheeseburger Classico
ricettario;hamburger di manzo 180g;1;Hamburger Gourmet con Cheddar e Bacon
ricettario;hummus di ceci;1;Verdure Grigliate e Hummus
ricettario;hummus o crema di ceci;1;Tentacoli di Polpo alla Brace su Crema d
ricettario;insalata verde mista;1;Caesar Salad con Pollo Grigliato e Grana
ricettario;mais in pannocchia;1;Pannocchia di Mais alla Griglia
ricettario;manzo a straccetti;1;Straccetti di Manzo con Insalata e Grana
ricettario;manzo macinato;1;Polpetta Fritta con Guanciale Croccante 
ricettario;manzo per carpaccio;1;Carpaccio di Black Angus con Dressing di
ricettario;manzo per tagliata;1;Tagliata di Manzo con Rucola e Parmigian
ricettario;maritozzo o brioche salata;1;Maritozzo Salato con Tartare di Gambero 
ricettario;maritozzo salato;1;Maritozzo Salato con Roastbeef e Salsa T
ricettario;mascarpone fresco montato;1;Coppa di Mascarpone con Crema al Pistacc
ricettario;misto di pesce e crostacei;1;Paella di Pesce per Condivisione
ricettario;mousse di cocco e panna;1;Dolce al Cioccolato Fondente con Cocco e
ricettario;mozzarella vaccina fresca;1;Bocconcini di Mozzarella con Carciofo Ar
ricettario;orata;1;Orata al Mediterraneo alla Griglia
ricettario;orecchiette pugliesi;1;Orecchiette con Cime di Rapa
ricettario;pane a cassetta;1;Club Sandwich con Tacchino, Bacon e Uovo
ricettario;pane a cassetta o pan brioche;1;Toast con Prosciutto Cotto e Toma
ricettario;pane ai cereali o ciabatta;1;Panino con Burrata, Alici, Cime di Rapa 
ricettario;pane assortito;1;Cassetta di Pani Misti
ricettario;pane casereccio;1;Panino con Porchetta
ricettario;pane in cassetta artigianale;1;Toast con Prosciutto Cotto Affumicato e 
ricettario;pane raffermo;1;Panzanella con Tartare di Gambero e Burr
ricettario;pane rustico;1;Crostone con Salmone Marinato e Crema di
ricettario;panna cotta artigianale;1;Panna Cotta con Frutti di Bosco
ricettario;pasta ripiena;1;Panciotti Ripieni di Gamberi e Zucchine
ricettario;pici o pasta fresca toscana;1;Pici al Ragù di Cinta Senese
ricettario;pizza in pala o base scrocchiarella;1;Scrocchiarella con Baccalà Mantecato e P
ricettario;pollo arrosto;1;Insalata con Petto di Pollo Arrosto e Fo
ricettario;pollo per burger;1;Burger di Pollo Fritto con Salsa Senape 
ricettario;polpo a pezzetti;1;Gnocchi con Polpo e Olive
ricettario;porchetta artigianale a fette;1;Panino con Porchetta, Crescenza e Pomodo
ricettario;provolone filante;1;Pasta alla Nerano
ricettario;pulled pork;1;Pulled Pork con Coleslaw
ricettario;radicchio rosso;1;Risotto al Radicchio e Gorgonzola
ricettario;ragù di carne;1;Timballo di Pasta al Ragù
ricettario;ravioli freschi ripieni;1;Ravioli Burro e Salvia
ricettario;ravioli ripieni di burrata;1;Ravioli alla Burrata con Pomodorini e Sp
ricettario;ricotta di pecora;1;Cannolo Artigianale con Ricotta e Ciocco
ricettario;ricotta fresca vaccina;1;Calzone Classico Farcito
ricettario;roastbeef cotto a fette;1;Roastbeef con Salsa Tonnata e Capperi
ricettario;roastbeef cotto a fette sottili;1;Maritozzo Salato con Roastbeef e Salsa T
ricettario;roastbeef cotto di manzo;1;Panino con Roastbeef, Pecorino, Grana e 
ricettario;roastbeef di manzo a fette sottili;1;Roastbeef con Salsa Tonnata e Acciughe
ricettario;roastbeef di vitello;1;Pizza Vitel Tonné con Roastbeef e Salsa 
ricettario;salmone crudo;1;Sashimi di Salmone
ricettario;salsa barbecue artigianale;1;Costine di Maiale Glassate al Barbecue
ricettario;salsa rosa;1;Cocktail di Gamberi in Salsa Rosa
ricettario;salume misto affettato;1;Tris Classico Salumi, Formaggi e Olive
ricettario;salume toscano da ragù;1;Pici al Ragù di Cinta Senese
ricettario;scottona macinata;1;Polpette di Scottona con Fonduta di Parm
ricettario;sogliola;1;Sogliola ai Ferri
ricettario;stracciatella;1;Pizza con 4 Consistenze di Pomodoro e Ac
ricettario;stracciatella fresca;1;Maritozzo Salato con Salmone Marinato e 
ricettario;tentacoli di polpo;1;Tentacoli di Polpo alla Brace su Crema d
ricettario;toma piemontese;1;Tagliere Piemontese con Sfilaccio e Toma
ricettario;torta di nocciole artigianale;1;Torta di Nocciole con Gelato al Fiordila
ricettario;trancio di salmone;1;Salmone al Forno con Erbe
ricettario;trofie;1;Trofie al Pesto Genovese
ricettario;tuorli d'uovo freschi;1;Spaghetti alla Carbonara Tradizionale
ricettario;valeriana o misticanza;1;Insalatona con Gamberi, Salmone e Avocad
ricettario;verdure miste grigliate;1;Pizza Ortolana
ricettario;vitello cotto a bassa temperatura a fette;1;Padellino con Vitello Tonnato e Scarola
ricettario;vongole veraci con guscio;1;Linguine Veraci alle Vongole
ricettario;zucchine fresche per scapece;1;Mezze Maniche alla Nerano con Zucchine e
richieste_clienti;arancini;1;dammi anche 3 arancini di riso
richieste_clienti;mantre;1;mantre di pomodori cosa mi consigli
